{
	"animations": [
		{
			"offsets": [
				0,
				0
			],
			"loop": false,
			"fps": 24,
			"anim": "firstDeath",
			"indices": [],
			"name": "falling"
		},
		{
			"offsets": [
				0,
				0
			],
			"loop": true,
			"fps": 24,
			"anim": "deathLoop",
			"indices": [],
			"name": "falled"
		},
		{
			"offsets": [
				0,
				0
			],
			"loop": true,
			"fps": 24,
			"anim": "deathConfirm",
			"indices": [],
			"name": "falled"
		}
	],
	"no_antialiasing": true,
	"image": "characters/tetp_assistant_dead",
	"position": [
		0,
		0
	],
	"healthicon": "tpassistant",
	"flip_x": true,
	"healthbar_colors": [
		239,
		156,
		189
	],
	"camera_position": [
		0,
		0
	],
	"sing_duration": 4,
	"scale": 1
}