{
	"animations": [
		{
			"offsets": [
				0,
				0
			],
			"loop": true,
			"fps": 24,
			"anim": "idle",
			"indices": [],
			"name": "assistant"
		},
		{
			"offsets": [
				0,
				0
			],
			"loop": true,
			"fps": 24,
			"anim": "singLEFT",
			"indices": [],
			"name": "assistant"
		},
		{
			"offsets": [
				0,
				0
			],
			"loop": true,
			"fps": 24,
			"anim": "singDOWN",
			"indices": [],
			"name": "assistant"
		},
		{
			"offsets": [
				0,
				0
			],
			"loop": true,
			"fps": 24,
			"anim": "singUP",
			"indices": [],
			"name": "assistant"
		},
		{
			"offsets": [
				0,
				0
			],
			"loop": true,
			"fps": 24,
			"anim": "singRIGHT",
			"indices": [],
			"name": "assistant"
		}
	],
	"no_antialiasing": true,
	"image": "characters/tetp_assistant",
	"position": [
		0,
		0
	],
	"healthicon": "tpassistant",
	"flip_x": true,
	"healthbar_colors": [
		239,
		156,
		189
	],
	"camera_position": [
		0,
		0
	],
	"sing_duration": 4,
	"scale": 1
}