﻿<?xml version="1.0" encoding="utf-8"?>
<TextureAtlas imagePath="tetp_assistant_dead.png">
	<SubTexture name="falling0000" x="432" y="0" width="48" height="48" pivotX="0" pivotY="0" frameX="0" frameY="0" frameWidth="48" frameHeight="48"/>
	<SubTexture name="falling0001" x="432" y="0" width="48" height="48" pivotX="0" pivotY="0" frameX="0" frameY="0" frameWidth="48" frameHeight="48"/>
	<SubTexture name="falling0002" x="432" y="0" width="48" height="48" pivotX="0" pivotY="0" frameX="0" frameY="0" frameWidth="48" frameHeight="48"/>
	<SubTexture name="falling0003" x="432" y="0" width="48" height="48" pivotX="0" pivotY="0" frameX="0" frameY="0" frameWidth="48" frameHeight="48"/>
	<SubTexture name="falling0004" x="0" y="0" width="48" height="48" pivotX="0" pivotY="0" frameX="0" frameY="0" frameWidth="48" frameHeight="48"/>
	<SubTexture name="falling0005" x="0" y="0" width="48" height="48" pivotX="0" pivotY="0" frameX="0" frameY="0" frameWidth="48" frameHeight="48"/>
	<SubTexture name="falling0004" x="48" y="0" width="48" height="48" pivotX="0" pivotY="0" frameX="0" frameY="0" frameWidth="48" frameHeight="48"/>
	<SubTexture name="falling0005" x="48" y="0" width="48" height="48" pivotX="0" pivotY="0" frameX="0" frameY="0" frameWidth="48" frameHeight="48"/>
	<SubTexture name="falling0006" x="0" y="0" width="48" height="48" pivotX="0" pivotY="0" frameX="0" frameY="0" frameWidth="48" frameHeight="48"/>
	<SubTexture name="falling0007" x="0" y="0" width="48" height="48" pivotX="0" pivotY="0" frameX="0" frameY="0" frameWidth="48" frameHeight="48"/>
	<SubTexture name="falling0008" x="0" y="0" width="48" height="48" pivotX="0" pivotY="0" frameX="0" frameY="0" frameWidth="48" frameHeight="48"/>
	<SubTexture name="falling0009" x="0" y="0" width="48" height="48" pivotX="0" pivotY="0" frameX="0" frameY="0" frameWidth="48" frameHeight="48"/>
	<SubTexture name="falling0010" x="96" y="0" width="48" height="48" pivotX="0" pivotY="0" frameX="0" frameY="0" frameWidth="48" frameHeight="48"/>
	<SubTexture name="falling0011" x="144" y="0" width="48" height="48" pivotX="0" pivotY="0" frameX="0" frameY="0" frameWidth="48" frameHeight="48"/>
	<SubTexture name="falling0012" x="192" y="0" width="48" height="48" pivotX="0" pivotY="0" frameX="0" frameY="0" frameWidth="48" frameHeight="48"/>
	<SubTexture name="falling0010" x="240" y="0" width="48" height="48" pivotX="0" pivotY="0" frameX="0" frameY="0" frameWidth="48" frameHeight="48"/>
	<SubTexture name="falling0011" x="288" y="0" width="48" height="48" pivotX="0" pivotY="0" frameX="0" frameY="0" frameWidth="48" frameHeight="48"/>
	<SubTexture name="falling0012" x="336" y="0" width="48" height="48" pivotX="0" pivotY="0" frameX="0" frameY="0" frameWidth="48" frameHeight="48"/>
	<SubTexture name="falling0013" x="384" y="0" width="48" height="48" pivotX="0" pivotY="0" frameX="0" frameY="0" frameWidth="48" frameHeight="48"/>
	<SubTexture name="falling0014" x="0" y="0" width="48" height="48" pivotX="0" pivotY="0" frameX="0" frameY="0" frameWidth="48" frameHeight="48"/>
	<SubTexture name="falling0015" x="0" y="0" width="48" height="48" pivotX="0" pivotY="0" frameX="0" frameY="0" frameWidth="48" frameHeight="48"/>
	<SubTexture name="falling0016" x="0" y="0" width="48" height="48" pivotX="0" pivotY="0" frameX="0" frameY="0" frameWidth="48" frameHeight="48"/>
	<SubTexture name="falling0017" x="0" y="0" width="48" height="48" pivotX="0" pivotY="0" frameX="0" frameY="0" frameWidth="48" frameHeight="48"/>
	<SubTexture name="falling0018" x="0" y="48" width="64" height="48" pivotX="0" pivotY="0" frameX="0" frameY="0" frameWidth="48" frameHeight="48"/>
	<SubTexture name="falling0019" x="64" y="48" width="64" height="48" pivotX="0" pivotY="0" frameX="0" frameY="0" frameWidth="48" frameHeight="48"/>
	<SubTexture name="falling0020" x="128" y="48" width="64" height="48" pivotX="0" pivotY="0" frameX="0" frameY="0" frameWidth="48" frameHeight="48"/>
	<SubTexture name="falling0021" x="192" y="48" width="64" height="48" pivotX="0" pivotY="0" frameX="0" frameY="0" frameWidth="48" frameHeight="48"/>
	<SubTexture name="falling0022" x="192" y="48" width="64" height="48" pivotX="0" pivotY="0" frameX="0" frameY="0" frameWidth="48" frameHeight="48"/>
	<SubTexture name="falling0023" x="256" y="48" width="64" height="48" pivotX="0" pivotY="0" frameX="0" frameY="0" frameWidth="48" frameHeight="48"/>
	<SubTexture name="falling0024" x="192" y="48" width="64" height="48" pivotX="0" pivotY="0" frameX="0" frameY="0" frameWidth="48" frameHeight="48"/>
	<SubTexture name="falled0000" x="192" y="48" width="64" height="48" pivotX="0" pivotY="0" frameX="0" frameY="0" frameWidth="48" frameHeight="48"/>
</TextureAtlas>
