{
	"storyName": "3d bambi",
	"hideFreeplay": false,
	"weekBackground": "cheater",
	"freeplayColor": [
		146,
		113,
		253
	],
	"weekBefore": "tutorial",
	"startUnlocked": true,
	"hideStoryMode": false,
	"weekCharacters": [
		"none",
		"bf",
		"gf"
	],
	"songs": [
		[
			"disruption",
			"disrupt",
			[
				39,
				163,
				59
			]
		],
		[
			"disability",
			"disability",
			[
				228,
				158,
				179
			]
		],
		[
			"wireframe",
			"decdave",
			[
				187,
				62,
				61
			]
		],
		[
			"algebra",
			"og-dave",
			[
				187,
				223,
				245
			]
		]
	],
	"weekName": "3d bambi"
}