{
   "custom_trains":{
      "big_maskot_metro_train":{
         "name":"BIG Maskot Train",
         "base_train_type": "sp1900",
         "color":"FA913D",
         "gangway_connection_id":"mtr:textures/entity/sp1900",
         "train_barrier_id":"mtr:textures/entity/sp1900",
         "rider_offset":0.0,
         "texture_id":"mtr:big_maskot_metro_train/big_maskot_metro_train",
         "model":"mtr:big_maskot_metro_train/big_maskot_metro_train.bbmodel",
         "model_properties":"mtr:big_maskot_metro_train/big_maskot_metro_train.json",
         "speed_sound_count": 117,
         "speed_sound_base_id": "sp1900",
         "door_sound_base_id": "sp1900"
      },
      "big_maskot_metro_train_small":{
         "name":"BIG Maskot Train (Small)",
         "base_train_type": "sp1900",
         "color":"FA913D",
         "gangway_connection_id":"mtr:textures/entity/sp1900",
         "train_barrier_id":"mtr:textures/entity/sp1900",
         "rider_offset":0.0,
         "texture_id":"mtr:big_maskot_metro_train/big_maskot_metro_train",
         "model":"mtr:big_maskot_metro_train/big_maskot_metro_train.bbmodel",
         "model_properties":"mtr:big_maskot_metro_train/big_maskot_metro_train_small.json",
         "speed_sound_count": 117,
         "speed_sound_base_id": "sp1900",
         "door_sound_base_id": "sp1900_small"
      },
      "big_maskot_metro_train_mini":{
         "name":"BIG Maskot Train (Mini)",
         "base_train_type": "sp1900",
         "color":"FA913D",
         "gangway_connection_id":"mtr:textures/entity/sp1900",
         "train_barrier_id":"mtr:textures/entity/sp1900",
         "rider_offset":0.0,
         "texture_id":"mtr:big_maskot_metro_train/big_maskot_metro_train",
         "model":"mtr:big_maskot_metro_train/big_maskot_metro_train.bbmodel",
         "model_properties":"mtr:big_maskot_metro_train/big_maskot_metro_train_mini.json",
         "speed_sound_count": 117,
         "speed_sound_base_id": "sp1900",
         "door_sound_base_id": "sp1900_mini"
      },
      "big_maskot_light_rail_rht":{
         "name":"BIG Maskot Light Rail (RHT)",
         "base_train_type": "light_rail_3",
         "color":"D2A825",
         "rider_offset":0.0,
         "texture_id":"mtr:big_maskot_metro_train/big_maskot_metro_train",
         "model":"mtr:big_maskot_metro_train/big_maskot_metro_train.bbmodel",
         "model_properties":"mtr:big_maskot_metro_train/big_maskot_light_rail_rht.json"
      },
      "big_maskot_light_rail_lht":{
         "name":"BIG Maskot Light Rail (LHT)",
         "base_train_type": "light_rail_3",
         "color":"D2A825",
         "rider_offset":0.0,
         "texture_id":"mtr:big_maskot_metro_train/big_maskot_metro_train",
         "model":"mtr:big_maskot_metro_train/big_maskot_metro_train.bbmodel",
         "model_properties":"mtr:big_maskot_metro_train/big_maskot_light_rail_lht.json"
      },
      "big_maskot_metro_train_blue":{
         "name":"Blue BIG Maskot Train",
         "base_train_type": "sp1900",
         "color":"00BEFF",
         "gangway_connection_id":"mtr:textures/entity/sp1900",
         "train_barrier_id":"mtr:textures/entity/sp1900",
         "rider_offset":0.0,
         "texture_id":"mtr:big_maskot_metro_train/big_maskot_metro_train_blue",
         "model":"mtr:big_maskot_metro_train/big_maskot_metro_train.bbmodel",
         "model_properties":"mtr:big_maskot_metro_train/big_maskot_metro_train.json",
         "speed_sound_count": 117,
         "speed_sound_base_id": "sp1900",
         "door_sound_base_id": "sp1900"
      },
      "big_maskot_metro_train_blue_small":{
         "name":"Blue BIG Maskot Train (Small)",
         "base_train_type": "sp1900",
         "color":"00BEFF",
         "gangway_connection_id":"mtr:textures/entity/sp1900",
         "train_barrier_id":"mtr:textures/entity/sp1900",
         "rider_offset":0.0,
         "texture_id":"mtr:big_maskot_metro_train/big_maskot_metro_train_blue",
         "model":"mtr:big_maskot_metro_train/big_maskot_metro_train.bbmodel",
         "model_properties":"mtr:big_maskot_metro_train/big_maskot_metro_train_small.json",
         "speed_sound_count": 117,
         "speed_sound_base_id": "sp1900",
         "door_sound_base_id": "sp1900_small"
      },
      "big_maskot_metro_train_blue_mini":{
         "name":"Blue BIG Maskot Train (Mini)",
         "base_train_type": "sp1900",
         "color":"00BEFF",
         "gangway_connection_id":"mtr:textures/entity/sp1900",
         "train_barrier_id":"mtr:textures/entity/sp1900",
         "rider_offset":0.0,
         "texture_id":"mtr:big_maskot_metro_train/big_maskot_metro_train_blue",
         "model":"mtr:big_maskot_metro_train/big_maskot_metro_train.bbmodel",
         "model_properties":"mtr:big_maskot_metro_train/big_maskot_metro_train_mini.json",
         "speed_sound_count": 117,
         "speed_sound_base_id": "sp1900",
         "door_sound_base_id": "sp1900_mini"
      },
		"do_not_trepass": {
			"texture_id": "mtr:textures/sign/cross.png",
			"flip_texture": false,
			"custom_text": "請不要擅闖軌道|Please do not trespass into tracks",
			"flip_custom_text": false,
			"small": true
		},
		"do_not_trepass_flipped": {
			"texture_id": "mtr:textures/sign/cross.png",
			"flip_texture": false,
			"custom_text": "請不要擅闖軌道|Please do not trespass into tracks",
			"flip_custom_text": true,
			"small": true
		},
		"do_not_trepass_korea": {
			"texture_id": "mtr:textures/sign/cross.png",
			"flip_texture": false,
			"custom_text": "선로에 들어가지 마세요|請不要擅闖軌道|Please do not trespass into tracks",
			"flip_custom_text": false,
			"small": true
		},
		"do_not_trepass_korea_flipped": {
			"texture_id": "mtr:textures/sign/cross.png",
			"flip_texture": false,
			"custom_text": "선로에 들어가지 마세요|請不要擅闖軌道|Please do not trespass into tracks",
			"flip_custom_text": true,
			"small": true
		},
		"do_not_sneak": {
			"texture_id": "mtr:textures/sign/cross.png",
			"flip_texture": false,
			"custom_text": "蹲下時不要上火車|Please do not ride trains while sneaking",
			"flip_custom_text": false,
			"small": true
		},
		"do_not_sneak_flipped": {
			"texture_id": "mtr:textures/sign/cross.png",
			"flip_texture": false,
			"custom_text": "蹲下時不要上火車|Please do not ride trains while sneaking",
			"flip_custom_text": true,
			"small": true
		},
		"do_not_sneak_korea": {
			"texture_id": "mtr:textures/sign/cross.png",
			"flip_texture": false,
			"custom_text": "웅크리기를 한 채로 기차를 타지 마세요|蹲下時不要上火車|Please do not ride trains while sneaking",
			"flip_custom_text": false,
			"small": true
		},
		"do_not_sneak_korea_flipped": {
			"texture_id": "mtr:textures/sign/cross.png",
			"flip_texture": false,
			"custom_text": "웅크리기를 한 채로 기차를 타지 마세요|蹲下時不要上火車|Please do not ride trains while sneaking",
			"flip_custom_text": true,
			"small": true
		},
      "cridab_rocket_train":{
         "name":"Rocket Train (CRIDAB)",
         "color":"9FF3DF",
         "gangway_connection_id":"",
         "train_barrier_id":"",
         "rider_offset":0.0,
         "texture_id":"mtr:cridab_rocket_train/cridab_rocket_train",
         "model":"mtr:cridab_rocket_train/cridab_rocket_train.bbmodel",
         "model_properties":"mtr:cridab_rocket_train/cridab_rocket_train.json",
         "speed_sound_count": 117,
         "speed_sound_base_id": "sp1900",
         "door_sound_base_id": "sp1900"
      }
   }
}