﻿<?xml version="1.0" encoding="utf-8"?>
<TextureAtlas imagePath="tetris-block">
	<!-- Created with Adobe Animate version 21.0.5.40714 -->
	<!-- http://www.adobe.com/products/animate.html -->
	<SubTexture name="G0000" x="0" y="0" width="16" height="16"/>
	<SubTexture name="Z0000" x="16" y="0" width="16" height="16"/>
	<SubTexture name="L0000" x="32" y="0" width="16" height="16"/>
	<SubTexture name="O0000" x="48" y="0" width="16" height="16"/>
	<SubTexture name="S0000" x="0" y="16" width="16" height="16"/>
	<SubTexture name="I0000" x="16" y="16" width="16" height="16"/>
	<SubTexture name="J0000" x="32" y="16" width="16" height="16"/>
	<SubTexture name="T0000" x="48" y="16" width="16" height="16"/>
</TextureAtlas>
